Nom,Poste,Age,Date de naissance,Taille,Poids,JIFF,Contrat,Club
Arthur JOLY,Pilier,27 ans,20/02/1988,189,125,JIFF,PRO,Agen
Bernard N'NOMO,Pilier,35 ans,06/08/1980,181,108,NONJIFF,PRO,Agen
Dave RYAN,Pilier,29 ans,21/04/1986,183,116,NONJIFF,PRO,Agen
Giorgi TETRASHVILI,Pilier,22 ans,31/08/1993,177,116,ESPOIR,ESPOIR,Agen
Jason MARSHALL,Pilier,30 ans,05/02/1985,190,118,NONJIFF,PRO,Agen
Nicolas CHOCOU,Pilier,21 ans,27/03/1994,182,118,ESPOIR,ESPOIR,Agen
Quentin BÉTHUNE,Pilier,20 ans,25/09/1995,183,103,ESPOIR,ESPOIR,Agen
Ruaan DU PREEZ,Pilier,31 ans,20/03/1984,186,123,NONJIFF,PRO,Agen
Viliamu AFATIA,Pilier,25 ans,24/05/1990,189,124,NONJIFF,PRO,Agen
Charly MORLAY,Talonneur,20 ans,09/05/1995,170,92,ESPOIR,ESPOIR,Agen
Florian DUFOUR,Talonneur,18 ans,29/10/1997,183,114,ESPOIR,ESPOIR,Agen
Jalil NARJISSI,Talonneur,35 ans,18/01/1980,178,94,JIFF,PRO,Agen
Marc BARTHOMEUF,Talonneur,24 ans,19/07/1991,174,100,JIFF,PRO,Agen
Mike TADJER,Talonneur,26 ans,10/03/1989,180,105,JIFF,PRO,Agen
Api NAIKATINI,2ème ligne,30 ans,04/04/1985,197,118,NONJIFF,PRO,Agen
Apisalome RATUNIYARAWA,2ème ligne,29 ans,11/07/1986,198,115,NONJIFF,PRO,Agen
Corentin BRAENDLIN,2ème ligne,21 ans,29/04/1994,198,118,ESPOIR,ESPOIR,Agen
Denis MARCHOIS,2ème ligne,21 ans,05/02/1994,198,108,ESPOIR,ESPOIR,Agen
Jean-Baptiste ROIDOT,2ème ligne,27 ans,09/03/1988,203,97,JIFF,PRO,Agen
Léo BASTIEN,2ème ligne,22 ans,06/05/1993,200,120,ESPOIR,ESPOIR,Agen
Marco KOTZE,2ème ligne,29 ans,25/08/1986,195,118,JOKER,PRO,Agen
Tom MURDAY,2ème ligne,26 ans,27/04/1989,200,114,NONJIFF,PRO,Agen
William DEMOTTE,2ème ligne,24 ans,22/05/1991,202,124,JIFF,PRO,Agen
Antoine ERBANI,3ème ligne,25 ans,07/02/1990,192,100,JIFF,PRO,Agen
Antoine MIQUEL,3ème ligne,21 ans,20/06/1994,192,103,ESPOIR,ESPOIR,Agen
Félicien VERGNON,3ème ligne,20 ans,18/03/1995,190,106,ESPOIR,ESPOIR,Agen
Luke HAMILTON,3ème ligne,23 ans,07/01/1992,190,108,NONJIFF,PRO,Agen
Marc BAGET,3ème ligne,31 ans,05/09/1984,190,117,JIFF,PRO,Agen
Marc GIRAUD,3ème ligne,29 ans,27/02/1986,196,105,JIFF,PRO,Agen
Nicolas GAL,3ème ligne,20 ans,09/07/1995,191,101,ESPOIR,ESPOIR,Agen
Pio MUARUA,3ème ligne,19 ans,28/06/1996,191,110,ESPOIR,ESPOIR,Agen
Rémi VAQUIN,3ème ligne,32 ans,27/07/1983,188,98,JIFF,PRO,Agen
Simon FANALS,3ème ligne,20 ans,14/01/1995,194,104,ESPOIR,ESPOIR,Agen
Sione TAU,3ème ligne,26 ans,21/02/1989,192,105,NONJIFF,PRO,Agen
Alexi BALÈS,Mêlée,25 ans,30/05/1990,174,80,JIFF,PRO,Agen
Baptiste CADIOU,Mêlée,18 ans,17/09/1997,174,78,ESPOIR,ESPOIR,Agen
Clément DARBO,Mêlée,29 ans,13/01/1986,175,72,JIFF,PRO,Agen
Paul ABADIE,Mêlée,21 ans,28/07/1994,176,83,ESPOIR,ESPOIR,Agen
Bautista GUEMES,Ouverture,25 ans,12/05/1990,177,86,NONJIFF,PRO,Agen
Burton FRANCIS,Ouverture,28 ans,02/01/1987,184,90,NONJIFF,PRO,Agen
François BOUVIER,Ouverture,21 ans,29/08/1994,183,82,ESPOIR,ESPOIR,Agen
Jacob BOTICA,Ouverture,22 ans,03/03/1993,177,86,ESPOIR,ESPOIR,Agen
Thibaud MAZZOLENI,Ouverture,18 ans,25/11/1996,178,84,ESPOIR,ESPOIR,Agen
Timothée GUILLIMIN,Ouverture,19 ans,19/02/1996,178,80,ESPOIR,ESPOIR,Agen
Alban CONDUCHÉ,Centre,19 ans,29/10/1996,187,96,ESPOIR,ESPOIR,Agen
Eroni Vasiteri NARUMASA,Centre,26 ans,27/05/1989,183,102,NONJIFF,PRO,Agen
George TILSLEY,Centre,23 ans,27/02/1992,196,100,NONJIFF,PRO,Agen
Jason DESCHAMPS,Centre,20 ans,24/06/1995,180,82,ESPOIR,ESPOIR,Agen
Johann SADIE,Centre,26 ans,23/01/1989,188,96,NONJIFF,PRO,Agen
Julien HERITEAU,Centre,21 ans,12/09/1994,182,93,ESPOIR,ESPOIR,Agen
Lionel MAZARS,Centre,31 ans,26/06/1984,183,98,JIFF,PRO,Agen
Marius DEGUILHEM,Centre,21 ans,08/04/1994,180,84,ESPOIR,ESPOIR,Agen
Nathan DECRON,Centre,17 ans,17/02/1998,184,94,ESPOIR,ESPOIR,Agen
Pierre FOUYSSAC,Centre,20 ans,17/03/1995,190,95,ESPOIR,ESPOIR,Agen
Vincent ROUX,Centre,31 ans,27/03/1984,185,87,JIFF,PRO,Agen
Filipo NAKOSI,Ailier,23 ans,08/04/1992,182,96,JOKER,PRO,Agen
Leka TAGOTAGO,Ailier,24 ans,20/12/1990,195,100,JIFF,PRO,Agen
Tamaz MCHEDLIDZE,Ailier,22 ans,17/03/1993,195,111,ESPOIR,ESPOIR,Agen
Taylor PARIS,Ailier,23 ans,06/10/1992,180,93,ESPOIR,ESPOIR,Agen
Benoît SICART,Arrière,25 ans,23/04/1990,180,80,JIFF,PRO,Agen
François TARDIEU,Arrière,20 ans,01/02/1995,183,86,ESPOIR,ESPOIR,Agen
Mathieu LAMOULIE,Arrière,25 ans,07/08/1990,179,88,JIFF,PRO,Agen
Benat AUZQUI,Pilier,32 ans,01/08/1983,180,105,JIFF,PRO,Bordeaux
Francisco GOMEZ KODELA,Pilier,30 ans,03/07/1985,184,121,NONJIFF,PRO,Bordeaux
Jean-Baptiste POUX,Pilier,36 ans,26/09/1979,180,105,JIFF,PRO,Bordeaux
Jefferson POIROT,Pilier,23 ans,01/11/1992,181,123,JIFF,PRO,Bordeaux
Lasha TABIDZE,Pilier,18 ans,04/07/1997,185,113,ESPOIR,ESPOIR,Bordeaux
Patrick TOETU,Pilier,31 ans,14/03/1984,180,130,NONJIFF,PRO,Bordeaux
Sébastien TAOFIFENUA,Pilier,23 ans,21/03/1992,178,130,JIFF,PRO,Bordeaux
Sekope KEPU,Pilier,29 ans,05/02/1986,188,125,NONJIFF,PRO,Bordeaux
Steven KITSHOFF,Pilier,23 ans,10/02/1992,183,114,NONJIFF,PRO,Bordeaux
Clément MAYNADIER,Talonneur,27 ans,11/10/1988,187,100,JIFF,PRO,Bordeaux
Jandré MARAIS,Talonneur,26 ans,14/06/1989,198,118,NONJIFF,PRO,Bordeaux
Ole AVEI,Talonneur,32 ans,13/06/1983,181,115,NONJIFF,PRO,Bordeaux
Ronan CHAMBORD,Talonneur,21 ans,11/04/1994,177,104,ESPOIR,ESPOIR,Bordeaux
Adam JAULHAC,2ème ligne,27 ans,31/01/1988,198,125,JIFF,PRO,Bordeaux
Alban REQUET,2ème ligne,18 ans,08/09/1997,198,110,ESPOIR,ESPOIR,Bordeaux
Berend BOTHA,2ème ligne,27 ans,11/03/1988,196,117,NONJIFF,PRO,Bordeaux
Cyril CAZEAUX,2ème ligne,20 ans,10/02/1995,198,113,ESPOIR,ESPOIR,Bordeaux
Julien LEDEVEDEC,2ème ligne,29 ans,04/06/1986,199,112,JIFF,PRO,Bordeaux
Hugh CHALMERS,3ème ligne,30 ans,28/11/1984,192,102,NONJIFF,PRO,Bordeaux
Jean-Blaise LESPINASSE,3ème ligne,21 ans,05/01/1994,196,100,ESPOIR,ESPOIR,Bordeaux
Kitione KAMIKAMICA,3ème ligne,19 ans,26/04/1996,188,98,ESPOIR,ESPOIR,Bordeaux
Loann GOUJON,3ème ligne,26 ans,23/04/1989,194,110,JIFF,PRO,Bordeaux
Louis-Benoît MADAULE,3ème ligne,27 ans,24/09/1988,190,104,JIFF,PRO,Bordeaux
Luke BRAID,3ème ligne,27 ans,05/10/1988,192,101,NONJIFF,PRO,Bordeaux
Marco TAULEIGNE,3ème ligne,22 ans,30/08/1993,191,104,ESPOIR,ESPOIR,Bordeaux
Matthew CLARKIN,3ème ligne,34 ans,04/07/1981,194,102,NONJIFF,PRO,Bordeaux
Peter SAILI,3ème ligne,27 ans,04/01/1988,190,114,NONJIFF,PRO,Bordeaux
Baptiste SERIN,Mêlée,21 ans,20/06/1994,180,76,ESPOIR,ESPOIR,Bordeaux
Gauthier DOUBRÈRE,Mêlée,19 ans,24/12/1995,176,76,ESPOIR,ESPOIR,Bordeaux
Heini ADAMS,Mêlée,35 ans,29/05/1980,170,76,NONJIFF,PRO,Bordeaux
Yann LESGOURGUES,Mêlée,24 ans,17/01/1991,174,71,JIFF,PRO,Bordeaux
Lionel BEAUXIS,Ouverture,30 ans,24/10/1985,180,86,JIFF,PRO,Bordeaux
Pierre BERNARD,Ouverture,26 ans,31/01/1989,187,87,JIFF,PRO,Bordeaux
Romain LONCA,Ouverture,24 ans,26/11/1991,190,84,JIFF,PRO,Bordeaux
Simon HICKEY,Ouverture,21 ans,12/01/1994,175,83,NONJIFF,PRO,Bordeaux
Félix LE BOURHIS,Centre,27 ans,07/04/1988,182,91,JIFF,PRO,Bordeaux
Jean-Baptiste DUBIÉ,Centre,26 ans,16/07/1989,181,85,JIFF,PRO,Bordeaux
Julien REY,Centre,29 ans,01/09/1986,190,100,JIFF,PRO,Bordeaux
Paulin RIVA,Centre,21 ans,20/04/1994,178,92,ESPOIR,ESPOIR,Bordeaux
Blair CONNOR,Ailier,27 ans,29/09/1988,183,82,NONJIFF,PRO,Bordeaux
Charles BROUSSE,Ailier,24 ans,30/11/1990,183,89,JIFF,PRO,Bordeaux
Darly DOMVO,Ailier,23 ans,03/04/1992,186,85,JIFF,PRO,Bordeaux
Lucas BLANC,Ailier,20 ans,19/04/1995,181,90,ESPOIR,ESPOIR,Bordeaux
Nans DUCUING,Ailier,24 ans,06/11/1991,181,90,JIFF,PRO,Bordeaux
Adam ASHLEY-COOPER,Arrière,31 ans,27/03/1984,185,98,NONJIFF,PRO,Bordeaux
Jean-Marcellin BUTTIN,Arrière,23 ans,16/12/1991,190,94,JIFF,PRO,Bordeaux
Metuisela TALEBULA,Arrière,24 ans,20/05/1991,186,98,NONJIFF,PRO,Bordeaux
Sofiane GUITOUNE,Arrière,26 ans,27/03/1989,186,96,JIFF,PRO,Bordeaux
Damien JOURDAIN,Pilier,29 ans,07/10/1986,183,125,JIFF,PRO,Brive
Damien LAVERGNE,Pilier,23 ans,15/12/1991,188,115,JIFF,PRO,Brive
Giorge JGENTI,Pilier,30 ans,13/11/1985,180,125,NONJIFF,PRO,Brive
Goderzi SHVELIDZE,Pilier,37 ans,17/04/1978,177,110,NONJIFF,PRO,Brive
Karlen ASIESHVILI,Pilier,28 ans,21/04/1987,180,118,NONJIFF,PRO,Brive
Kevin BUYS,Pilier,29 ans,26/04/1986,191,120,NONJIFF,PRO,Brive
Lucas POINTUD,Pilier,27 ans,18/01/1988,189,127,JIFF,PRO,Brive
Yusuf TUNCER,Pilier,22 ans,10/11/1993,181,106,JIFF,PRO,Brive
François DA ROS,Talonneur,32 ans,29/09/1983,179,104,JIFF,PRO,Brive
Guillaume RIBES,Talonneur,31 ans,18/11/1984,170,100,JIFF,PRO,Brive
Louis MARTIN,Talonneur,19 ans,26/02/1996,183,100,ESPOIR,ESPOIR,Brive
Thomas ACQUIER,Talonneur,26 ans,21/11/1989,181,112,JIFF,PRO,Brive
Arnaud MELA,2ème ligne,35 ans,19/01/1980,196,112,JIFF,PRO,Brive
Joe SNYMAN,2ème ligne,29 ans,09/07/1986,200,112,NONJIFF,PRO,Brive
Peet MARAIS,2ème ligne,25 ans,31/10/1990,199,120,NONJIFF,PRO,Brive
Victor LEBAS,2ème ligne,22 ans,09/06/1993,193,104,JIFF,PRO,Brive
Wilhelm STEENKAMP,2ème ligne,30 ans,07/02/1985,200,110,NONJIFF,PRO,Brive
Dominiko WAQANIBUROTU,3ème ligne,29 ans,20/04/1986,193,111,NONJIFF,PRO,Brive
Fabien SANCONNIE,3ème ligne,20 ans,21/02/1995,195,110,ESPOIR,ESPOIR,Brive
Giorgi TSUTSKIRIDZE,3ème ligne,18 ans,26/11/1996,190,100,ESPOIR,ESPOIR,Brive
Hugues BRIATTE,3ème ligne,25 ans,11/03/1990,193,102,JIFF,PRO,Brive
Peniami Nasali NARISIA,3ème ligne,18 ans,10/06/1997,181,95,ESPOIR,ESPOIR,Brive
Petrus HAUMAN,3ème ligne,28 ans,07/05/1987,193,103,NONJIFF,PRO,Brive
Poutasi LUAFUTU,3ème ligne,27 ans,02/12/1987,188,110,NONJIFF,PRO,Brive
Saïd HIRÈCHE,3ème ligne,30 ans,27/05/1985,183,102,JIFF,PRO,Brive
Sisaro KOYAMAIBOLE,3ème ligne,35 ans,06/03/1980,192,120,NONJIFF,PRO,Brive
William WHETTON,3ème ligne,26 ans,10/06/1989,197,112,NONJIFF,PRO,Brive
Bastien DUHALDE,Mêlée,22 ans,04/01/1993,178,83,ESPOIR,ESPOIR,Brive
David DELARUE,Mêlée,19 ans,27/10/1996,190,85,ESPOIR,ESPOIR,Brive
Jean-Baptiste PÉJOINE,Mêlée,35 ans,17/07/1980,174,76,JIFF,PRO,Brive
Teddy IRIBAREN,Mêlée,25 ans,25/09/1990,170,70,JIFF,PRO,Brive
Anderson NEISEN,Ouverture,22 ans,03/04/1993,182,95,JIFF,PRO,Brive
Nicolas BÉZY,Ouverture,26 ans,26/09/1989,180,70,JIFF,PRO,Brive
Romain SOLA,Ouverture,28 ans,29/10/1987,182,87,JIFF,PRO,Brive
Thomas LARANJEIRA,Ouverture,23 ans,05/05/1992,186,90,JIFF,PRO,Brive
Arnaud MIGNARDI,Centre,29 ans,01/11/1986,180,90,JIFF,PRO,Brive
Atila SEPTAR,Centre,19 ans,02/06/1996,195,97,ESPOIR,ESPOIR,Brive
Benjamin PETRE,Centre,25 ans,04/01/1990,186,109,JIFF,PRO,Brive
Chris TUATARA-MORRISON,Centre,29 ans,11/09/1986,189,100,NONJIFF,PRO,Brive
Matthieu UGALDE,Centre,23 ans,10/06/1992,181,89,JIFF,PRO,Brive
Paul AH HIM,Centre,21 ans,03/10/1994,189,103,ESPOIR,ESPOIR,Brive
Alfifeleti MAFI,Ailier,27 ans,08/06/1988,186,97,NONJIFF,PRO,Brive
Benito MASILEVU,Ailier,26 ans,07/10/1989,178,83,NONJIFF,PRO,Brive
Guillaume NAMY,Ailier,26 ans,03/04/1989,182,83,JIFF,PRO,Brive
Malakai RADIKEDIKE,Ailier,30 ans,06/05/1985,184,93,NONJIFF,PRO,Brive
Sevanaia GALALA,Ailier,22 ans,29/01/1993,188,104,ESPOIR,ESPOIR,Brive
Gaëtan GERMAIN,Arrière,25 ans,02/07/1990,190,99,JIFF,PRO,Brive
Antoine TICHIT,Pilier,26 ans,13/06/1989,182,112,JIFF,PRO,Castres
Eric SIONE,Pilier,23 ans,29/10/1992,184,126,NONJIFF,PRO,Castres
Florian HOUERIE,Pilier,23 ans,27/10/1992,174,109,JIFF,PRO,Castres
Karena WIHONGI,Pilier,36 ans,29/09/1979,186,130,NONJIFF,PRO,Castres
Lucas MARTINEZ,Pilier,26 ans,14/07/1989,180,100,NONJIFF,PRO,Castres
Mihaïta LAZAR,Pilier,29 ans,03/11/1986,189,114,NONJIFF,PRO,Castres
Saimone TAUMOEPEAU,Pilier,35 ans,21/12/1979,187,105,JOKER,PRO,Castres
Yannick FORESTIER,Pilier,33 ans,02/01/1982,181,110,JIFF,PRO,Castres
Yohan MONTES,Pilier,30 ans,07/02/1985,187,118,JIFF,PRO,Castres
Brice MACH,Talonneur,29 ans,02/04/1986,178,101,JIFF,PRO,Castres
Julien BÉZIAT,Talonneur,23 ans,09/03/1992,185,105,JIFF,PRO,Castres
Marc-Antoine RALLIER,Talonneur,26 ans,02/12/1988,182,107,JIFF,PRO,Castres
Mathieu BONELLO,Talonneur,33 ans,23/09/1982,181,98,JIFF,PRO,Castres
Benjamin DESROCHES,2ème ligne,26 ans,29/10/1989,198,123,JIFF,PRO,Castres
Christophe SAMSON,2ème ligne,31 ans,01/03/1984,198,107,JIFF,PRO,Castres
Danya TULOU,2ème ligne,21 ans,28/01/1994,198,120,ESPOIR,ESPOIR,Castres
Richie GRAY,2ème ligne,26 ans,24/08/1989,206,125,NONJIFF,PRO,Castres
Rodrigo CAPO ORTEGA,2ème ligne,34 ans,08/12/1980,195,110,NONJIFF,PRO,Castres
Théo HANNOYER,2ème ligne,19 ans,09/06/1996,198,114,ESPOIR,ESPOIR,Castres
Victor MOREAUX,2ème ligne,22 ans,19/09/1993,200,111,JIFF,ESPOIR,Castres
Alex TULOU,3ème ligne,28 ans,21/03/1987,192,114,NONJIFF,PRO,Castres
Alexandre BIAS,3ème ligne,34 ans,21/04/1981,195,104,JIFF,PRO,Castres
Anthony JELONCH,3ème ligne,19 ans,27/07/1996,193,105,ESPOIR,ESPOIR,Castres
Ibrahim DIARRA,3ème ligne,32 ans,25/05/1983,185,105,JIFF,PRO,Castres
John BEATTIE,3ème ligne,30 ans,21/11/1985,193,106,NONJIFF,PRO,Castres
Mathieu BABILLOT,3ème ligne,22 ans,09/09/1993,190,106,JIFF,PRO,Castres
Piula FAASALELE,3ème ligne,27 ans,22/01/1988,196,124,NONJIFF,PRO,Castres
Yannick CABALLERO,3ème ligne,32 ans,03/04/1983,192,95,JIFF,PRO,Castres
Antoine DUPONT,Mêlée,19 ans,15/11/1996,174,82,ESPOIR,ESPOIR,Castres
Julien SERON,Mêlée,32 ans,14/11/1983,177,78,JIFF,PRO,Castres
Rory KOCKOTT,Mêlée,29 ans,25/06/1986,180,92,NONJIFF,PRO,Castres
Valentin MOUYSSET,Mêlée,20 ans,06/01/1995,173,65,ESPOIR,ESPOIR,Castres
Benjamin URDAPILLETA,Ouverture,29 ans,11/03/1986,178,86,NONJIFF,PRO,Castres
Daniel KIRKPATRICK,Ouverture,26 ans,28/11/1988,182,87,NONJIFF,PRO,Castres
Julien DUMORA,Ouverture,27 ans,24/03/1988,184,96,JIFF,PRO,Castres
Florian VIALELLE,Centre,22 ans,05/10/1993,194,98,JIFF,PRO,Castres
François FONTAINE,Centre,20 ans,10/05/1995,187,90,ESPOIR,ESPOIR,Castres
Rémi LAMERAT,Centre,25 ans,14/01/1990,184,105,JIFF,PRO,Castres
Romain CABANNES,Centre,30 ans,02/12/1984,183,92,JIFF,PRO,Castres
Rudi WULF,Centre,31 ans,02/02/1984,182,90,NONJIFF,PRO,Castres
Thomas COMBEZOU,Centre,28 ans,26/01/1987,184,94,JIFF,PRO,Castres
David SMITH,Ailier,29 ans,12/10/1986,172,91,NONJIFF,PRO,Castres
Rémy GROSSO,Ailier,26 ans,04/12/1988,190,104,JIFF,PRO,Castres
Romain MARTIAL,Ailier,31 ans,13/11/1984,195,102,JIFF,PRO,Castres
Sitiveni SIVIVATU,Ailier,33 ans,19/04/1982,185,99,NONJIFF,PRO,Castres
Geoffrey PALIS,Arrière,24 ans,08/07/1991,189,93,JIFF,PRO,Castres
Louis DECROP,Arrière,19 ans,02/07/1996,186,84,ESPOIR,ESPOIR,Castres
Beqa KAKABADZE,Pilier,20 ans,07/09/1995,181,110,ESPOIR,ESPOIR,Clermont
Clément RIC,Pilier,27 ans,18/07/1988,182,117,JIFF,PRO,Clermont
Daniel KOTZE,Pilier,28 ans,28/03/1987,187,120,NONJIFF,PRO,Clermont
Davit ZIRAKASHVILI,Pilier,32 ans,10/10/1983,179,120,NONJIFF,PRO,Clermont
Etienne FALGOUX,Pilier,22 ans,19/01/1993,182,110,ESPOIR,ESPOIR,Clermont
Michaël SIMUTOGA,Pilier,19 ans,29/09/1996,183,112,ESPOIR,ESPOIR,Clermont
Raphaël CHAUME,Pilier,26 ans,29/04/1989,185,106,JIFF,PRO,Clermont
Thomas DOMINGO,Pilier,30 ans,20/08/1985,173,102,JIFF,PRO,Clermont
Vincent DEBATY,Pilier,34 ans,02/10/1981,190,122,JIFF,PRO,Clermont
Benjamin KAYSER,Talonneur,31 ans,26/07/1984,182,109,JIFF,PRO,Clermont
John ULUGIA,Talonneur,29 ans,17/01/1986,180,110,NONJIFF,PRO,Clermont
Kévin SAVEA,Talonneur,20 ans,27/03/1995,180,104,ESPOIR,ESPOIR,Clermont
Marthinus VAN DER WESTHUIZEN,Talonneur,31 ans,03/02/1984,180,108,JOKER,PRO,Clermont
Pierre RUDE,Talonneur,20 ans,21/01/1995,180,100,ESPOIR,ESPOIR,Clermont
Arthur ITURRIA,2ème ligne,21 ans,13/05/1994,198,107,ESPOIR,ESPOIR,Clermont
Flip VAN DER MERWE,2ème ligne,30 ans,03/06/1985,198,118,NONJIFF,PRO,Clermont
Jamie CUDMORE,2ème ligne,37 ans,06/09/1978,196,117,NONJIFF,PRO,Clermont
Loïc JACQUET,2ème ligne,30 ans,31/03/1985,198,117,JIFF,PRO,Clermont
Paul JEDRASIAK,2ème ligne,22 ans,06/02/1993,200,118,JIFF,PRO,Clermont
Sébastien VAHAAMAHINA,2ème ligne,24 ans,21/10/1991,203,126,JIFF,PRO,Clermont
Alexandre LAPANDRY,3ème ligne,26 ans,13/04/1989,194,101,JIFF,PRO,Clermont
Calvonn ALLISON,3ème ligne,20 ans,23/03/1995,194,110,ESPOIR,ESPOIR,Clermont
Camille GÉRONDEAU,3ème ligne,27 ans,12/03/1988,194,113,JIFF,PRO,Clermont
Damien CHOULY,3ème ligne,30 ans,27/11/1985,192,106,JIFF,PRO,Clermont
Fritz LEE,3ème ligne,27 ans,29/08/1988,190,108,NONJIFF,PRO,Clermont
Judicaël CANCORIET,3ème ligne,19 ans,25/04/1996,194,110,ESPOIR,ESPOIR,Clermont
Julien BARDY,3ème ligne,29 ans,03/04/1986,188,98,JIFF,PRO,Clermont
Lakisipone LEE,3ème ligne,21 ans,22/06/1994,170,98,ESPOIR,ESPOIR,Clermont
Peceli YATO,3ème ligne,22 ans,17/01/1993,196,108,ESPOIR,ESPOIR,Clermont
Viktor KOLELISHVILI,3ème ligne,26 ans,09/10/1989,192,105,NONJIFF,PRO,Clermont
Enzo SANGA,Mêlée,20 ans,19/05/1995,176,75,ESPOIR,ESPOIR,Clermont
Ludovic RADOSAVLJEVIC,Mêlée,26 ans,17/08/1989,180,95,JIFF,PRO,Clermont
Morgan PARRA,Mêlée,27 ans,15/11/1988,180,81,JIFF,PRO,Clermont
Brock JAMES,Ouverture,34 ans,22/10/1981,179,89,NONJIFF,PRO,Clermont
Camille LOPEZ,Ouverture,26 ans,03/04/1989,175,86,JIFF,PRO,Clermont
Patricio FERNÁNDEZ,Ouverture,21 ans,11/10/1994,191,94,ESPOIR,ESPOIR,Clermont
Albert VULIVULI,Centre,30 ans,26/05/1985,190,110,JOKER,PRO,Clermont
Aurélien ROUGERIE,Centre,35 ans,26/09/1980,193,105,JIFF,PRO,Clermont
Benson STANLEY,Centre,31 ans,11/09/1984,184,98,NONJIFF,PRO,Clermont
Damian PENAUD,Centre,19 ans,25/09/1996,188,93,ESPOIR,ESPOIR,Clermont
Jonathan DAVIES,Centre,27 ans,05/04/1988,186,104,NONJIFF,PRO,Clermont
Pedro BETTENCOURT,Centre,21 ans,18/11/1994,188,97,ESPOIR,ESPOIR,Clermont
Wesley FOFANA,Centre,27 ans,20/01/1988,182,93,JIFF,PRO,Clermont
Adrien PLANTÉ,Ailier,30 ans,21/04/1985,183,84,JIFF,PRO,Clermont
Alexandre NICOUE,Ailier,18 ans,01/02/1997,184,85,ESPOIR,ESPOIR,Clermont
Alivereti RAKA,Ailier,20 ans,09/12/1994,189,96,ESPOIR,ESPOIR,Clermont
David STRETTLE,Ailier,32 ans,23/06/1983,183,86,NONJIFF,PRO,Clermont
Hosea GEAR,Ailier,31 ans,16/03/1984,189,103,NONJIFF,PRO,Clermont
Noa NAKAITACI,Ailier,25 ans,11/07/1990,190,94,JIFF,PRO,Clermont
Nick ABENDANON,Arrière,29 ans,27/08/1986,178,83,NONJIFF,PRO,Clermont
Scott SPEDDING,Arrière,29 ans,04/05/1986,188,98,NONJIFF,PRO,Clermont
Alexandre DARDET,Pilier,22 ans,31/01/1993,187,115,ESPOIR,ESPOIR,Grenoble
Alisona TAUMALOLO,Pilier,34 ans,13/11/1981,185,110,NONJIFF,PRO,Grenoble
Dayna EDWARDS,Pilier,30 ans,14/03/1985,181,120,NONJIFF,PRO,Grenoble
Denis COULSON,Pilier,21 ans,15/06/1994,183,111,ESPOIR,ESPOIR,Grenoble
Dylan JACQUOT,Pilier,20 ans,06/02/1995,180,98,ESPOIR,ESPOIR,Grenoble
Fabien BARCELLA,Pilier,32 ans,27/10/1983,183,112,JIFF,PRO,Grenoble
Kévin GOZE,Pilier,23 ans,04/11/1992,191,123,JIFF,PRO,Grenoble
Rossouw DE KLERK,Pilier,26 ans,21/08/1989,185,118,NONJIFF,PRO,Grenoble
Walter DESMAISON,Pilier,24 ans,18/10/1991,188,111,JIFF,PRO,Grenoble
Anthony HEGARTY,Talonneur,28 ans,11/05/1987,184,109,NONJIFF,PRO,Grenoble
Arnaud HEGUY,Talonneur,30 ans,23/01/1985,174,93,JIFF,PRO,Grenoble
Laurent BOUCHET,Talonneur,27 ans,23/08/1988,183,103,JIFF,PRO,Grenoble
Loick JAMMES,Talonneur,21 ans,10/11/1994,180,97,ESPOIR,ESPOIR,Grenoble
Ben HAND,2ème ligne,33 ans,24/04/1982,199,112,NONJIFF,PRO,Grenoble
Hendrik ROODT,2ème ligne,28 ans,06/11/1987,198,126,NONJIFF,PRO,Grenoble
James PERCIVAL,2ème ligne,32 ans,09/11/1983,196,121,NONJIFF,PRO,Grenoble
Mathias MARIE,2ème ligne,24 ans,09/01/1991,197,114,JIFF,PRO,Grenoble
Dylan HAYES,3ème ligne,21 ans,11/02/1994,194,114,ESPOIR,ESPOIR,Grenoble
Fabien ALEXANDRE,3ème ligne,30 ans,14/05/1985,187,105,JIFF,PRO,Grenoble
Henry VANDERGLAS,3ème ligne,29 ans,09/05/1986,194,109,NONJIFF,PRO,Grenoble
Jonathan BEST,3ème ligne,32 ans,02/08/1983,193,110,JIFF,PRO,Grenoble
Mahamadou DIABY,3ème ligne,25 ans,15/08/1990,188,103,JIFF,PRO,Grenoble
Peter KIMLIN,3ème ligne,30 ans,11/07/1985,198,114,NONJIFF,PRO,Grenoble
Rory GRICE,3ème ligne,25 ans,02/04/1990,192,115,NONJIFF,PRO,Grenoble
Steven SETEPHANO,3ème ligne,31 ans,15/04/1984,192,114,NONJIFF,PRO,Grenoble
Charl MCLEOD,Mêlée,32 ans,05/08/1983,180,88,NONJIFF,PRO,Grenoble
Christophe LOUSTALOT,Mêlée,23 ans,07/04/1992,169,76,JIFF,PRO,Grenoble
James HART,Mêlée,24 ans,28/07/1991,179,84,JIFF,PRO,Grenoble
Lilian SASERAS,Mêlée,21 ans,27/06/1994,173,82,ESPOIR,ESPOIR,Grenoble
Clément GELIN,Ouverture,22 ans,08/11/1993,186,97,ESPOIR,ESPOIR,Grenoble
Gilles BOSCH,Ouverture,25 ans,12/07/1990,178,82,JIFF,PRO,Grenoble
Jonathan WISNIEWSKI,Ouverture,30 ans,16/07/1985,180,84,JIFF,PRO,Grenoble
Chris FARRELL,Centre,22 ans,16/03/1993,194,108,ESPOIR,ESPOIR,Grenoble
Fabrice ESTEBANEZ,Centre,33 ans,26/12/1981,186,102,JIFF,PRO,Grenoble
Jackson WILLISON,Centre,27 ans,05/09/1988,182,90,NONJIFF,PRO,Grenoble
Nigel HUNT,Centre,32 ans,14/05/1983,178,84,NONJIFF,PRO,Grenoble
Xavier MIGNOT,Centre,21 ans,27/01/1994,188,100,ESPOIR,ESPOIR,Grenoble
Armand BATLLE,Ailier,28 ans,12/04/1987,188,92,JIFF,PRO,Grenoble
Daniel KILIONI,Ailier,22 ans,22/02/1993,185,97,ESPOIR,ESPOIR,Grenoble
Lucas DUPONT,Ailier,25 ans,19/03/1990,180,87,JIFF,PRO,Grenoble
Maritino NEMANI,Ailier,24 ans,25/05/1991,181,101,NONJIFF,PRO,Grenoble
Fabien GENGENBACHER,Arrière,31 ans,13/01/1984,183,86,JIFF,PRO,Grenoble
Gio APLON,Arrière,33 ans,06/10/1982,175,80,NONJIFF,PRO,Grenoble
Robinson CAIRE,Arrière,21 ans,24/01/1994,193,95,ESPOIR,ESPOIR,Grenoble
Gagi BAZADZE,Pilier,23 ans,12/09/1992,188,128,JIFF,PRO,La Rochelle
Hadrien VASLIN,Pilier,20 ans,21/07/1995,185,113,ESPOIR,ESPOIR,La Rochelle
Jordan SENECA,Pilier,23 ans,03/12/1991,178,108,JIFF,PRO,La Rochelle
Lekso KAULASHVILI,Pilier,23 ans,27/08/1992,187,115,ESPOIR,ESPOIR,La Rochelle
Maxime GAU,Pilier,24 ans,05/12/1990,175,122,JIFF,PRO,La Rochelle
Mike CORBEL,Pilier,23 ans,09/04/1992,179,118,JIFF,PRO,La Rochelle
Thomas SYNAEGHEL,Pilier,28 ans,26/04/1987,187,120,JIFF,PRO,La Rochelle
Uini ATONIO,Pilier,25 ans,26/03/1990,196,146,NONJIFF,PRO,La Rochelle
Vincent PELO,Pilier,27 ans,22/04/1988,187,130,JIFF,PRO,La Rochelle
Benjamin GELEDAN,Talonneur,25 ans,08/04/1990,188,108,JIFF,PRO,La Rochelle
David ROUMIEU,Talonneur,34 ans,15/10/1981,176,95,JIFF,PRO,La Rochelle
Hikairo FORBES,Talonneur,29 ans,05/03/1986,180,119,NONJIFF,PRO,La Rochelle
Damien LAGRANGE,2ème ligne,28 ans,04/07/1987,198,120,JIFF,PRO,La Rochelle
Jone QOVU,2ème ligne,30 ans,26/07/1985,197,124,NONJIFF,PRO,La Rochelle
Leandro CEDARO,2ème ligne,27 ans,16/02/1988,195,121,NONJIFF,PRO,La Rochelle
Romain SAZY,2ème ligne,29 ans,14/10/1986,199,105,JIFF,PRO,La Rochelle
Romana GRAHAM,2ème ligne,29 ans,29/05/1986,202,117,NONJIFF,PRO,La Rochelle
Afaesetiti AMOSA,3ème ligne,25 ans,11/10/1990,187,112,JOKER,PRO,La Rochelle
Albain MERON,3ème ligne,21 ans,18/03/1994,189,108,ESPOIR,ESPOIR,La Rochelle
Benoît GUYOT,3ème ligne,26 ans,18/01/1989,184,103,JIFF,PRO,La Rochelle
Jason EATON,3ème ligne,33 ans,21/08/1982,202,115,NONJIFF,PRO,La Rochelle
Jérémie ABIVEN,3ème ligne,21 ans,06/01/1994,190,98,ESPOIR,ESPOIR,La Rochelle
Kévin GOURDON,3ème ligne,25 ans,23/01/1990,185,103,JIFF,PRO,La Rochelle
Mathieu TANGUY,3ème ligne,19 ans,05/06/1996,195,110,ESPOIR,ESPOIR,La Rochelle
Zeno KIEFT,3ème ligne,24 ans,02/11/1991,191,102,JIFF,PRO,La Rochelle
Jules LE BAIL,Mêlée,23 ans,09/02/1992,168,85,JIFF,PRO,La Rochelle
Julien AUDY,Mêlée,31 ans,21/11/1984,172,76,JIFF,PRO,La Rochelle
Ricky JANUARIE,Mêlée,33 ans,01/02/1982,169,90,NONJIFF,PRO,La Rochelle
Fabien FORTASSIN,Ouverture,31 ans,08/01/1984,179,79,JIFF,PRO,La Rochelle
Jean-Pascal BARRAQUE,Ouverture,24 ans,24/04/1991,182,81,JIFF,PRO,La Rochelle
Zack HOLMES,Ouverture,25 ans,30/05/1990,175,90,NONJIFF,PRO,La Rochelle
Charles LAGARDE,Centre,23 ans,20/07/1992,180,83,JIFF,PRO,La Rochelle
Eliott ROUDIL,Centre,19 ans,30/10/1996,184,97,ESPOIR,ESPOIR,La Rochelle
Levani BOTIA,Centre,26 ans,14/03/1989,182,103,NONJIFF,PRO,La Rochelle
Malietoa HINGANO,Centre,23 ans,27/01/1992,180,95,NONJIFF,PRO,La Rochelle
Pierre AGUILLON,Centre,28 ans,27/03/1987,180,95,JIFF,PRO,La Rochelle
Alex NORTHAM,Ailier,22 ans,04/03/1993,183,88,JOKER,PRO,La Rochelle
Alofa ALOFA,Ailier,24 ans,12/03/1991,185,95,NONJIFF,PRO,La Rochelle
François HERRY,Ailier,27 ans,08/10/1988,182,105,JIFF,PRO,La Rochelle
Gabriel LACROIX,Ailier,22 ans,19/10/1993,177,80,ESPOIR,ESPOIR,La Rochelle
Lancelot LUTEAU,Ailier,21 ans,28/05/1994,181,89,ESPOIR,ESPOIR,La Rochelle
Benjamin LAPEYRE,Arrière,29 ans,24/09/1986,181,87,JIFF,PRO,La Rochelle
Charles BOULDOIRE,Arrière,19 ans,08/06/1996,185,90,ESPOIR,ESPOIR,La Rochelle
Kini MURIMURIVALU,Arrière,26 ans,15/05/1989,176,97,NONJIFF,PRO,La Rochelle
Martin CARRE,Arrière,18 ans,10/04/1997,184,80,ESPOIR,ESPOIR,La Rochelle
Clément CASTETS,Pilier,19 ans,05/05/1996,183,108,ESPOIR,ESPOIR,Montpellier
Jannie DU PLESSIS,Pilier,33 ans,16/11/1982,188,121,NONJIFF,PRO,Montpellier
Misha NARIASHVILI,Pilier,25 ans,25/05/1990,186,118,JIFF,PRO,Montpellier
Nicolas MAS,Pilier,35 ans,25/05/1980,179,108,JIFF,PRO,Montpellier
Oleg ISHCHENKO,Pilier,21 ans,22/01/1994,184,107,ESPOIR,ESPOIR,Montpellier
Patric CILLIERS,Pilier,28 ans,03/03/1987,186,113,NONJIFF,PRO,Montpellier
Schalk VAN DER MERWE,Pilier,24 ans,04/12/1990,184,105,NONJIFF,PRO,Montpellier
Yvan WATREMEZ,Pilier,26 ans,21/04/1989,187,115,JIFF,PRO,Montpellier
Bismarck DU PLESSIS,Talonneur,31 ans,22/05/1984,189,114,NONJIFF,PRO,Montpellier
Charles GÉLI,Talonneur,28 ans,26/03/1987,183,100,JIFF,PRO,Montpellier
Craig BURDEN,Talonneur,30 ans,13/05/1985,184,100,NONJIFF,PRO,Montpellier
Mickaël IVALDI,Talonneur,25 ans,20/02/1990,181,108,JIFF,PRO,Montpellier
Thomas SAUVETERRE,Talonneur,22 ans,10/05/1993,185,113,ESPOIR,ESPOIR,Montpellier
Jacques DU PLESSIS,2ème ligne,22 ans,12/08/1993,201,119,ESPOIR,ESPOIR,Montpellier
Julien DELANNOY,2ème ligne,20 ans,15/06/1995,198,120,ESPOIR,ESPOIR,Montpellier
Paul WILLEMSE,2ème ligne,23 ans,13/11/1992,200,127,ESPOIR,ESPOIR,Montpellier
Robins TCHALÉ-WATCHOU,2ème ligne,32 ans,10/05/1983,198,134,NONJIFF,PRO,Montpellier
Sitaleki TIMANI,2ème ligne,29 ans,19/09/1986,203,120,NONJIFF,PRO,Montpellier
Thibaut PRIVAT,2ème ligne,36 ans,06/02/1979,200,115,JIFF,PRO,Montpellier
Tom DONNELLY,2ème ligne,34 ans,01/10/1981,200,118,NONJIFF,PRO,Montpellier
Akapusi QERA,3ème ligne,31 ans,24/04/1984,194,113,NONJIFF,PRO,Montpellier
Antoine BATTUT,3ème ligne,31 ans,01/01/1984,192,104,JIFF,PRO,Montpellier
Ben MOWEN,3ème ligne,30 ans,01/12/1984,195,110,NONJIFF,PRO,Montpellier
Fulgence OUEDRAOGO,3ème ligne,29 ans,21/07/1986,191,99,JIFF,PRO,Montpellier
Kélian GALLETIER,3ème ligne,23 ans,18/03/1992,188,100,JIFF,PRO,Montpellier
Martin DEVERGIE,3ème ligne,20 ans,26/06/1995,192,100,ESPOIR,ESPOIR,Montpellier
Wiaan LIEBENBERG,3ème ligne,23 ans,31/08/1992,189,105,ESPOIR,ESPOIR,Montpellier
Benoît PAILLAUGUE,Mêlée,28 ans,17/11/1987,172,74,JIFF,PRO,Montpellier
Cameron WRIGHT,Mêlée,21 ans,20/04/1994,181,92,ESPOIR,ESPOIR,Montpellier
Nic WHITE,Mêlée,25 ans,13/06/1990,175,82,NONJIFF,PRO,Montpellier
Ben LUCAS,Ouverture,27 ans,30/12/1987,178,81,NONJIFF,PRO,Montpellier
Demetri CATRAKILIS,Ouverture,26 ans,06/07/1989,178,87,NONJIFF,PRO,Montpellier
François TRINH-DUC,Ouverture,29 ans,11/11/1986,186,90,JIFF,PRO,Montpellier
Ilian PERRAUX,Ouverture,23 ans,04/04/1992,183,83,JIFF,PRO,Montpellier
Anthony TUITAVAKE,Centre,33 ans,12/02/1982,176,95,NONJIFF,PRO,Montpellier
Robert EBERSOHN,Centre,26 ans,23/02/1989,180,89,NONJIFF,PRO,Montpellier
Yvan REILHAC,Centre,20 ans,09/06/1995,182,92,ESPOIR,ESPOIR,Montpellier
Julien MALZIEU,Ailier,32 ans,04/05/1983,193,96,JIFF,PRO,Montpellier
Marvin O'CONNOR,Ailier,24 ans,18/04/1991,178,86,JIFF,PRO,Montpellier
Seveci NAKAILAGI,Ailier,20 ans,02/07/1995,193,96,ESPOIR,ESPOIR,Montpellier
Timoci NAGUSA,Ailier,28 ans,14/07/1987,182,100,NONJIFF,PRO,Montpellier
Anthony FLOCH,Arrière,32 ans,12/02/1983,182,80,JIFF,PRO,Montpellier
Benjamin FALL,Arrière,26 ans,03/03/1989,186,93,JIFF,PRO,Montpellier
Jesse MOGG,Arrière,26 ans,08/06/1989,187,90,NONJIFF,PRO,Montpellier
Pierre BERARD,Arrière,24 ans,23/05/1991,186,96,JIFF,PRO,Montpellier
Antoine GUILLAMON,Pilier,24 ans,04/06/1991,192,139,JIFF,PRO,Oyonnax
Giorgi VEPKHVADZE,Pilier,24 ans,05/07/1991,180,116,JIFF,PRO,Oyonnax
Horatiu PUNGEA,Pilier,29 ans,18/02/1986,188,130,NONJIFF,PRO,Oyonnax
Jérémy CASTEX,Pilier,34 ans,19/08/1981,177,118,JIFF,PRO,Oyonnax
Laurent DELBOULBES,Pilier,29 ans,17/11/1986,181,106,JIFF,PRO,Oyonnax
Lukas RAPANT,Pilier,33 ans,16/11/1982,180,108,NONJIFF,PRO,Oyonnax
Marc CLERC,Pilier,28 ans,09/06/1987,181,120,JIFF,PRO,Oyonnax
Soane TONGA'UIHA,Pilier,33 ans,21/01/1982,191,131,NONJIFF,PRO,Oyonnax
Jérémie MAUROUARD,Talonneur,23 ans,23/09/1992,181,99,JIFF,PRO,Oyonnax
Jody JENNEKER,Talonneur,31 ans,10/04/1984,185,106,NONJIFF,PRO,Oyonnax
Thomas BORDES,Talonneur,25 ans,10/05/1990,181,100,JIFF,PRO,Oyonnax
Fabrice METZ,2ème ligne,24 ans,23/01/1991,196,114,JIFF,PRO,Oyonnax
Geoffrey FABBRI,2ème ligne,23 ans,17/06/1992,195,116,JIFF,PRO,Oyonnax
George ROBSON,2ème ligne,30 ans,04/11/1985,196,114,NONJIFF,PRO,Oyonnax
Leon POWER,2ème ligne,29 ans,27/02/1986,201,114,NONJIFF,PRO,Oyonnax
Mickaël DE MARCO,2ème ligne,26 ans,22/04/1989,197,122,JIFF,PRO,Oyonnax
Shay KERRY,2ème ligne,20 ans,10/02/1995,196,102,ESPOIR,ESPOIR,Oyonnax
Bilel TAIEB,3ème ligne,22 ans,27/01/1993,195,100,ESPOIR,ESPOIR,Oyonnax
Florian FAURE,3ème ligne,32 ans,26/03/1983,195,110,JIFF,PRO,Oyonnax
Guillaume BERNAD,3ème ligne,32 ans,08/06/1983,181,110,JIFF,PRO,Oyonnax
Maurie FA'ASAVALU,3ème ligne,35 ans,12/01/1980,186,105,NONJIFF,PRO,Oyonnax
Olivier MISSOUP,3ème ligne,34 ans,05/02/1981,193,95,JIFF,PRO,Oyonnax
Patrick SOBELA,3ème ligne,23 ans,12/08/1992,188,102,JIFF,PRO,Oyonnax
Pedrie WANNENBURG,3ème ligne,34 ans,02/01/1981,195,112,NONJIFF,PRO,Oyonnax
Pierrick GUNTHER,3ème ligne,26 ans,16/10/1989,190,106,JIFF,PRO,Oyonnax
Valentin URSACHE,3ème ligne,30 ans,12/08/1985,194,110,NONJIFF,PRO,Oyonnax
Viliami MA'AFU,3ème ligne,33 ans,09/03/1982,193,108,NONJIFF,PRO,Oyonnax
Fabien CIBRAY,Mêlée,30 ans,15/10/1985,179,88,JIFF,PRO,Oyonnax
Julien BLANC,Mêlée,23 ans,04/10/1992,175,81,JIFF,PRO,Oyonnax
Piri WEEPU,Mêlée,32 ans,07/09/1983,178,94,NONJIFF,PRO,Oyonnax
Arthur AZIZA,Ouverture,21 ans,17/01/1994,176,79,ESPOIR,ESPOIR,Oyonnax
Nick ROBINSON,Ouverture,33 ans,03/01/1982,185,93,NONJIFF,PRO,Oyonnax
Régis LESPINAS,Ouverture,31 ans,06/10/1984,186,90,JIFF,PRO,Oyonnax
Rory CLEGG,Ouverture,25 ans,06/01/1990,183,98,NONJIFF,PRO,Oyonnax
Eamonn SHERIDAN,Centre,26 ans,14/05/1989,194,108,NONJIFF,PRO,Oyonnax
Fetu'u VAINIKOLO,Centre,30 ans,30/01/1985,182,95,NONJIFF,PRO,Oyonnax
Guillaume BOUSSES,Centre,34 ans,12/10/1981,184,92,JIFF,PRO,Oyonnax
Roimata HANSELL PUNE,Centre,29 ans,06/11/1986,188,102,NONJIFF,PRO,Oyonnax
Alaska TAUFA,Ailier,32 ans,24/07/1983,188,103,NONJIFF,PRO,Oyonnax
Daniel IKPEFAN,Ailier,22 ans,18/10/1993,185,92,ESPOIR,ESPOIR,Oyonnax
Dug CODJO,Ailier,28 ans,22/04/1987,176,94,JIFF,PRO,Oyonnax
Uwa TAWALO,Ailier,23 ans,27/02/1992,190,102,JIFF,PRO,Oyonnax
Florian DENOS,Arrière,30 ans,20/05/1985,183,85,JIFF,PRO,Oyonnax
Nicolas METGE,Arrière,21 ans,04/05/1994,178,79,ESPOIR,ESPOIR,Oyonnax
Quentin ETIENNE,Arrière,25 ans,14/07/1990,180,89,JIFF,PRO,Oyonnax
Silvère TIAN,Arrière,35 ans,19/07/1980,176,92,JIFF,PRO,Oyonnax
Vincent MARTIN,Arrière,23 ans,04/09/1992,185,93,JIFF,PRO,Oyonnax
Adrien OLEON,Pilier,26 ans,12/03/1989,173,106,JIFF,PRO,Paris
Dany PRISO,Pilier,21 ans,02/01/1994,182,110,ESPOIR,ESPOIR,Paris
Davit KUBRIASHVILI,Pilier,28 ans,03/12/1986,183,120,NONJIFF,PRO,Paris
Emmanuel FELSINA,Pilier,30 ans,22/02/1985,190,130,JIFF,PRO,Paris
Hendrik VAN DER MERWE,Pilier,30 ans,03/05/1985,183,115,NONJIFF,PRO,Paris
Jean-Baptiste DE CLERCQ,Pilier,21 ans,23/02/1994,183,115,ESPOIR,ESPOIR,Paris
Paul ALO-EMILE,Pilier,23 ans,22/12/1991,180,128,NONJIFF,PRO,Paris
Rabah SLIMANI,Pilier,26 ans,18/10/1989,178,113,JIFF,PRO,Paris
Sakaria TAULAFO,Pilier,32 ans,29/01/1983,185,115,NONJIFF,PRO,Paris
Zurabi ZHVANIA,Pilier,24 ans,23/09/1991,179,125,JIFF,PRO,Paris
Aled DE MALMANCHE,Talonneur,31 ans,11/09/1984,185,112,NONJIFF,PRO,Paris
Laurent PANIS,Talonneur,22 ans,23/04/1993,180,102,ESPOIR,ESPOIR,Paris
Laurent SEMPÉRÉ,Talonneur,30 ans,09/07/1985,180,102,JIFF,PRO,Paris
Rémi BONFILS,Talonneur,27 ans,26/09/1988,178,101,JIFF,PRO,Paris
Alexandre FLANQUART,2ème ligne,26 ans,09/10/1989,204,114,JIFF,PRO,Paris
Gerhard MOSTERT,2ème ligne,31 ans,04/10/1984,199,120,NONJIFF,PRO,Paris
Hugh PYLE,2ème ligne,27 ans,21/09/1988,201,118,NONJIFF,PRO,Paris
Julien NIBERT,2ème ligne,22 ans,22/04/1993,194,105,ESPOIR,ESPOIR,Paris
Pascal PAPÉ,2ème ligne,35 ans,05/10/1980,196,115,JIFF,PRO,Paris
Paul GABRILLAGUES,2ème ligne,22 ans,03/06/1993,199,110,ESPOIR,ESPOIR,Paris
Antoine BURBAN,3ème ligne,28 ans,22/07/1987,189,101,JIFF,PRO,Paris
Jono ROSS,3ème ligne,25 ans,27/10/1990,191,98,NONJIFF,PRO,Paris
Mathieu DE GIOVANNI,3ème ligne,21 ans,10/01/1994,187,102,ESPOIR,ESPOIR,Paris
Matthieu UGENA,3ème ligne,20 ans,25/07/1995,186,102,ESPOIR,ESPOIR,Paris
Patrick SIO,3ème ligne,21 ans,04/04/1994,191,108,ESPOIR,ESPOIR,Paris
Raphaël LAKAFIA,3ème ligne,27 ans,28/10/1988,191,115,JIFF,PRO,Paris
Sekou MACALOU,3ème ligne,20 ans,20/04/1995,195,100,ESPOIR,ESPOIR,Paris
Sergio PARISSE,3ème ligne,32 ans,12/09/1983,196,122,NONJIFF,PRO,Paris
Sylvain NICOLAS,3ème ligne,28 ans,21/06/1987,188,102,JIFF,PRO,Paris
Willem ALBERTS,3ème ligne,31 ans,11/05/1984,192,120,NONJIFF,PRO,Paris
Clément DAGUIN,Mêlée,23 ans,25/05/1992,180,87,JIFF,PRO,Paris
Julien DUPUY,Mêlée,31 ans,19/12/1983,178,78,JIFF,PRO,Paris
Julien TOMAS,Mêlée,30 ans,21/04/1985,183,83,JIFF,PRO,Paris
Will GENIA,Mêlée,27 ans,17/01/1988,174,82,NONJIFF,PRO,Paris
Jules PLISSON,Ouverture,24 ans,20/08/1991,184,88,JIFF,PRO,Paris
Meyer BOSMAN,Ouverture,30 ans,19/04/1985,192,100,NONJIFF,PRO,Paris
Morné STEYN,Ouverture,31 ans,11/07/1984,183,91,NONJIFF,PRO,Paris
Vincent MALLET,Ouverture,22 ans,08/02/1993,181,86,ESPOIR,ESPOIR,Paris
Geoffrey DOUMAYROU,Centre,26 ans,16/09/1989,186,92,JIFF,PRO,Paris
Jonathan DANTY,Centre,23 ans,07/10/1992,181,93,JIFF,PRO,Paris
Avenisi VASUINUBU,Ailier,23 ans,15/04/1992,189,89,JIFF,PRO,Paris
Djibril CAMARA,Ailier,26 ans,22/06/1989,181,85,JIFF,PRO,Paris
Jérémy SINZELLE,Ailier,25 ans,02/07/1990,184,88,JIFF,PRO,Paris
Josaia RAISUQE,Ailier,21 ans,22/07/1994,190,91,ESPOIR,ESPOIR,Paris
Julien ARIAS,Ailier,32 ans,26/10/1983,178,89,JIFF,PRO,Paris
Waisea NAYACALEVU,Ailier,25 ans,26/06/1990,193,104,NONJIFF,PRO,Paris
Hugo BONNEVAL,Arrière,25 ans,19/11/1990,185,90,JIFF,PRO,Paris
Paul WILLIAMS,Arrière,32 ans,22/04/1983,189,100,NONJIFF,PRO,Paris
Titouan CAZEDEPATS,Arrière,21 ans,16/06/1994,185,76,ESPOIR,ESPOIR,Paris
Chris KING,Pilier,34 ans,30/04/1981,186,120,NONJIFF,PRO,Pau
Euan MURRAY,Pilier,35 ans,07/08/1980,186,115,NONJIFF,PRO,Pau
Geoffrey MOÏSE,Pilier,24 ans,20/08/1991,187,127,JIFF,PRO,Pau
Giorgi NATSARASHVILI,Pilier,30 ans,01/04/1985,190,123,NONJIFF,PRO,Pau
Jérémy HUROU,Pilier,31 ans,26/03/1984,182,108,JIFF,PRO,Pau
Julien JACQUOT,Pilier,33 ans,18/05/1982,183,118,JIFF,PRO,Pau
Sylvain CHARLET,Pilier,30 ans,22/08/1985,185,117,JIFF,PRO,Pau
Mehdi BOUNDJEMA,Talonneur,25 ans,07/06/1990,181,110,JIFF,PRO,Pau
Quentin LESPIAUCQ,Talonneur,20 ans,16/02/1995,180,95,ESPOIR,ESPOIR,Pau
Thomas BIANCHIN,Talonneur,28 ans,11/08/1987,183,105,JIFF,PRO,Pau
Vincent CAMPO,Talonneur,30 ans,20/05/1985,181,105,JIFF,PRO,Pau
Abdellatif BOUTATY,2ème ligne,32 ans,04/06/1983,195,112,NONJIFF,PRO,Pau
Cameron PIERCE,2ème ligne,24 ans,26/10/1991,197,108,JIFF,PRO,Pau
Claude DRY,2ème ligne,30 ans,29/10/1985,203,118,NONJIFF,PRO,Pau
Damien FÈVRE,2ème ligne,31 ans,10/05/1984,197,106,JIFF,PRO,Pau
Daniel RAMSAY,2ème ligne,31 ans,01/06/1984,197,114,NONJIFF,PRO,Pau
Julien PIERRE,2ème ligne,34 ans,31/07/1981,197,114,JIFF,PRO,Pau
Brice MONZEGLIO,3ème ligne,32 ans,28/06/1983,191,108,JIFF,PRO,Pau
James COUGHLAN,3ème ligne,34 ans,09/12/1980,190,109,NONJIFF,PRO,Pau
Jean BOUILHOU,3ème ligne,36 ans,07/12/1978,192,100,JIFF,PRO,Pau
Josefa DOMOLAILAI,3ème ligne,29 ans,11/12/1985,197,115,NONJIFF,PRO,Pau
Loïc BERNAD,3ème ligne,29 ans,21/02/1986,182,93,JIFF,PRO,Pau
Paddy BUTLER,3ème ligne,24 ans,01/12/1990,190,105,NONJIFF,PRO,Pau
Sean DOUGALL,3ème ligne,26 ans,28/10/1989,183,108,NONJIFF,PRO,Pau
Samuel MARQUES,Mêlée,26 ans,08/12/1988,172,76,JIFF,PRO,Pau
Taniela MOA,Mêlée,30 ans,11/03/1985,182,98,NONJIFF,PRO,Pau
Thibault DAUBAGNA,Mêlée,21 ans,20/05/1994,177,77,ESPOIR,ESPOIR,Pau
Thierry LACRAMPE,Mêlée,27 ans,23/02/1988,177,73,JIFF,PRO,Pau
Brandon FAJARDO,Ouverture,21 ans,25/06/1994,181,77,ESPOIR,ESPOIR,Pau
Colin SLADE,Ouverture,28 ans,10/10/1987,183,90,NONJIFF,PRO,Pau
Santiago FERNANDEZ,Ouverture,29 ans,28/11/1985,183,83,NONJIFF,PRO,Pau
Conrad SMITH,Centre,34 ans,12/10/1981,186,95,NONJIFF,PRO,Pau
Damien TRAILLE,Centre,36 ans,12/06/1979,192,98,JIFF,PRO,Pau
Jale VATUBUA,Centre,24 ans,30/08/1991,189,121,JIFF,PRO,Pau
Julien FUMAT,Centre,28 ans,26/03/1987,180,83,JIFF,PRO,Pau
Pierre DUPOUY,Centre,19 ans,14/11/1996,180,79,ESPOIR,ESPOIR,Pau
Simon BONNET,Centre,26 ans,14/01/1989,182,90,JIFF,PRO,Pau
Bastien POURAILLY,Ailier,21 ans,31/01/1994,177,80,ESPOIR,ESPOIR,Pau
Elijah NIKO,Ailier,25 ans,11/09/1990,192,95,NONJIFF,PRO,Pau
Marika VUNIBAKA,Ailier,21 ans,12/05/1994,196,100,ESPOIR,ESPOIR,Pau
Mosese RATUVOU,Ailier,32 ans,31/01/1983,180,100,NONJIFF,PRO,Pau
Sireli BOBO,Ailier,39 ans,28/01/1976,193,102,JOKER,PRO,Pau
Watisoni VOTU,Ailier,30 ans,25/03/1985,187,93,NONJIFF,PRO,Pau
William PEES,Ailier,22 ans,06/08/1993,190,85,ESPOIR,ESPOIR,Pau
Charly MALIÉ,Arrière,24 ans,05/11/1991,185,87,JIFF,PRO,Pau
Mathieu ACEBES,Arrière,28 ans,01/08/1987,182,82,JIFF,PRO,Pau
Romain BUROS,Arrière,18 ans,31/07/1997,182,88,ESPOIR,ESPOIR,Pau
Ben TAMEIFUNA,Pilier,24 ans,30/08/1991,182,140,NONJIFF,PRO,Racing 92
Cedate GOMES SA,Pilier,22 ans,07/08/1993,185,105,ESPOIR,ESPOIR,Racing 92
Davit KHINCHAGISHVILI,Pilier,33 ans,24/07/1982,181,112,NONJIFF,PRO,Racing 92
Eddy BEN AROUS,Pilier,25 ans,25/08/1990,183,117,JIFF,PRO,Racing 92
Julien BRUGNAUT,Pilier,34 ans,17/11/1981,183,123,JIFF,PRO,Racing 92
Khatchik VARTANOV,Pilier,22 ans,06/02/1993,184,112,ESPOIR,ESPOIR,Racing 92
Luc DUCALCON,Pilier,31 ans,02/01/1984,183,117,JIFF,PRO,Racing 92
Martin CASTROGIOVANNI,Pilier,34 ans,21/10/1981,188,110,NONJIFF,PRO,Racing 92
Nicolas MIRANDE,Pilier,25 ans,26/12/1989,190,115,JOKER CDM,PRO,Racing 92
Armand  VAN DER MERWE,Talonneur,24 ans,17/06/1991,178,108,JOKER CDM,PRO,Racing 92
Camille CHAT,Talonneur,19 ans,18/12/1995,178,99,ESPOIR,ESPOIR,Racing 92
Dimitri SZARZEWSKI,Talonneur,32 ans,26/01/1983,180,102,JIFF,PRO,Racing 92
Virgile LACOMBE,Talonneur,31 ans,07/07/1984,181,105,JIFF,PRO,Racing 92
François VAN DER MERWE,2ème ligne,32 ans,04/10/1983,198,120,NONJIFF,PRO,Racing 92
Juandré KRUGER,2ème ligne,30 ans,06/09/1985,199,112,NONJIFF,PRO,Racing 92
Luke CHARTERIS,2ème ligne,32 ans,09/03/1983,206,119,NONJIFF,PRO,Racing 92
Manuel CARIZZA,2ème ligne,31 ans,23/08/1984,202,114,NONJIFF,PRO,Racing 92
Ross FILIPO,2ème ligne,36 ans,14/04/1979,196,115,NONJIFF,PRO,Racing 92
Thibault DUBARRY,2ème ligne,28 ans,24/11/1987,198,114,JIFF,PRO,Racing 92
Antonie CLAASSEN,3ème ligne,31 ans,20/10/1984,191,106,NONJIFF,PRO,Racing 92
Bernard LE ROUX,3ème ligne,26 ans,04/06/1989,196,113,JIFF,PRO,Racing 92
Chris MASOE,3ème ligne,36 ans,15/05/1979,188,106,NONJIFF,PRO,Racing 92
Luc BARBA,3ème ligne,23 ans,30/01/1992,187,100,JIFF,PRO,Racing 92
Wenceslas LAURET,3ème ligne,26 ans,28/03/1989,188,92,JIFF,PRO,Racing 92
Yannick NYANGA,3ème ligne,31 ans,19/12/1983,187,97,JIFF,PRO,Racing 92
Arthur RETIÈRE,Mêlée,18 ans,01/08/1997,170,75,ESPOIR,ESPOIR,Racing 92
Casper Jacobus LÖTTER,Mêlée,19 ans,02/03/1996,181,81,ESPOIR,ESPOIR,Racing 92
Maxime MACHENAUD,Mêlée,26 ans,30/12/1988,174,87,JIFF,PRO,Racing 92
Mike PHILLIPS,Mêlée,33 ans,29/08/1982,195,104,NONJIFF,PRO,Racing 92
Xavier CHAUVEAU,Mêlée,23 ans,14/10/1992,180,84,JIFF,PRO,Racing 92
Benjamin DAMBIELLE,Ouverture,30 ans,15/07/1985,183,89,JIFF,PRO,Racing 92
Dan CARTER,Ouverture,33 ans,05/03/1982,180,92,NONJIFF,PRO,Racing 92
Maxime JAVAUX,Ouverture,22 ans,04/11/1993,182,86,ESPOIR,ESPOIR,Racing 92
Rémi TALÈS,Ouverture,31 ans,02/05/1984,186,91,JIFF,PRO,Racing 92
Alexandre DUMOULIN,Centre,26 ans,24/08/1989,189,97,JIFF,PRO,Racing 92
Casey LAULALA,Centre,33 ans,03/05/1982,185,101,NONJIFF,PRO,Racing 92
Etienne DUSSARTRE,Centre,22 ans,05/02/1993,186,91,ESPOIR,ESPOIR,Racing 92
Henry CHAVANCY,Centre,27 ans,22/05/1988,181,92,JIFF,PRO,Racing 92
Yoan AUDRIN,Centre,34 ans,14/08/1981,179,89,JIFF,PRO,Racing 92
Joe ROKOCOKO,Ailier,32 ans,06/06/1983,189,98,NONJIFF,PRO,Racing 92
Juan IMHOFF,Ailier,27 ans,11/05/1988,185,90,NONJIFF,PRO,Racing 92
Marc ANDREU,Ailier,29 ans,27/12/1985,170,75,JIFF,PRO,Racing 92
Teddy THOMAS,Ailier,22 ans,18/09/1993,185,90,ESPOIR,ESPOIR,Racing 92
Brice DULIN,Arrière,25 ans,13/04/1990,176,82,JIFF,PRO,Racing 92
Johan GOOSEN,Arrière,23 ans,27/07/1992,184,89,NONJIFF,PRO,Racing 92
Louis DUPICHOT,Arrière,20 ans,23/09/1995,183,86,ESPOIR,ESPOIR,Racing 92
Sean ROBINSON,Arrière,22 ans,02/11/1993,181,88,ESPOIR,ESPOIR,Racing 92
Alexandre MENINI,Pilier,32 ans,05/08/1983,182,109,JIFF,PRO,Toulon
Andrea CINCOTTO,Pilier,19 ans,27/11/1995,185,115,ESPOIR,ESPOIR,Toulon
Florian FRESIA,Pilier,23 ans,17/01/1992,185,116,JIFF,PRO,Toulon
Joel RINGER,Pilier,18 ans,02/11/1997,190,117,ESPOIR,ESPOIR,Toulon
Levan CHILACHAVA,Pilier,24 ans,17/08/1991,188,120,JIFF,PRO,Toulon
Matt STEVENS,Pilier,33 ans,01/10/1982,183,115,NONJIFF,PRO,Toulon
Mohamed BOUGHANMI,Pilier,24 ans,27/10/1991,193,127,JIFF,PRO,Toulon
Salesi MA'AFU,Pilier,32 ans,26/03/1983,185,124,NONJIFF,PRO,Toulon
Thomas VERNET,Pilier,21 ans,14/07/1994,185,110,ESPOIR,ESPOIR,Toulon
Xavier CHIOCCI,Pilier,25 ans,13/02/1990,180,110,JIFF,PRO,Toulon
Anthony ÉTRILLARD,Talonneur,22 ans,21/03/1993,183,110,ESPOIR,ESPOIR,Toulon
Bastien SOURY,Talonneur,20 ans,18/03/1995,180,100,ESPOIR,ESPOIR,Toulon
Guilhem GUIRADO,Talonneur,29 ans,17/06/1986,183,105,JIFF,PRO,Toulon
Iuri NATRIASHVILI,Talonneur,31 ans,25/01/1984,178,105,JOKER,PRO,Toulon
Jean-Charles ORIOLI,Talonneur,26 ans,09/08/1989,179,104,JIFF,PRO,Toulon
Andy CRAMOND,2ème ligne,21 ans,15/04/1994,196,115,ESPOIR,ESPOIR,Toulon
Jocelino SUTA,2ème ligne,33 ans,18/11/1982,195,112,JIFF,PRO,Toulon
Konstantine MIKAUTADZE,2ème ligne,24 ans,01/07/1991,200,115,JIFF,PRO,Toulon
Paul O'CONNELL,2ème ligne,36 ans,20/10/1979,198,111,NONJIFF,PRO,Toulon
Romain TAOFIFENUA,2ème ligne,25 ans,14/09/1990,200,120,JIFF,PRO,Toulon
Thibault LASSALLE,2ème ligne,28 ans,22/08/1987,202,115,JIFF,PRO,Toulon
Charles OLLIVON,3ème ligne,22 ans,11/05/1993,199,108,ESPOIR,ESPOIR,Toulon
Duane VERMEULEN,3ème ligne,29 ans,03/07/1986,193,116,NONJIFF,PRO,Toulon
Grégory ANNETTA,3ème ligne,20 ans,30/12/1994,189,105,ESPOIR,ESPOIR,Toulon
Juan Martin FERNANDEZ LOBBE,3ème ligne,34 ans,19/11/1981,193,102,NONJIFF,PRO,Toulon
Juan SMITH,3ème ligne,34 ans,30/07/1981,196,112,NONJIFF,PRO,Toulon
Mamuka GORGODZE,3ème ligne,31 ans,14/07/1984,196,120,NONJIFF,PRO,Toulon
Samu MANOA,3ème ligne,30 ans,05/03/1985,194,121,NONJIFF,PRO,Toulon
Steffon ARMITAGE,3ème ligne,30 ans,20/09/1985,175,96,JIFF,PRO,Toulon
Virgile BRUNI,3ème ligne,26 ans,06/02/1989,197,108,JIFF,PRO,Toulon
Anthony MÉRIC,Mêlée,20 ans,15/02/1995,177,75,ESPOIR,ESPOIR,Toulon
Eric ESCANDE,Mêlée,23 ans,18/11/1992,172,78,JIFF,PRO,Toulon
Jonathan PÉLISSIÉ,Mêlée,27 ans,06/06/1988,179,83,JIFF,PRO,Toulon
Sebastien TILLOUS-BORDE,Mêlée,30 ans,29/04/1985,176,93,JIFF,PRO,Toulon
Anthony BELLEAU,Ouverture,19 ans,08/04/1996,175,80,ESPOIR,ESPOIR,Toulon
Frédéric MICHALAK,Ouverture,33 ans,16/10/1982,180,80,JIFF,PRO,Toulon
Quade COOPER,Ouverture,27 ans,05/04/1988,186,93,NONJIFF,PRO,Toulon
Tom TAYLOR,Ouverture,26 ans,11/03/1989,183,90,NONJIFF,PRO,Toulon
James O'CONNOR,Centre,25 ans,05/07/1990,180,85,NONJIFF,PRO,Toulon
Jimmy YOBO,Centre,23 ans,20/02/1992,180,80,JIFF,PRO,Toulon
Ma'a NONU,Centre,33 ans,21/05/1982,182,106,NONJIFF,PRO,Toulon
Mathieu BASTAREAUD,Centre,27 ans,17/09/1988,183,120,JIFF,PRO,Toulon
Matt GITEAU,Centre,33 ans,29/09/1982,178,84,NONJIFF,PRO,Toulon
Maxime MERMOZ,Centre,29 ans,28/07/1986,181,93,JIFF,PRO,Toulon
Théo BELAN,Centre,23 ans,15/11/1992,187,94,JIFF,PRO,Toulon
Bryan HABANA,Ailier,32 ans,12/06/1983,180,94,NONJIFF,PRO,Toulon
Drew MITCHELL,Ailier,31 ans,26/03/1984,182,92,NONJIFF,PRO,Toulon
Josua TUISOVA,Ailier,21 ans,04/02/1994,180,91,ESPOIR,ESPOIR,Toulon
Delon ARMITAGE,Arrière,31 ans,15/12/1983,192,92,JIFF,PRO,Toulon
Leigh HALFPENNY,Arrière,26 ans,22/12/1988,178,85,NONJIFF,PRO,Toulon
Ulupano SEUTENI,Arrière,21 ans,09/12/1993,185,92,ESPOIR,ESPOIR,Toulon
Census JOHNSTON,Pilier,34 ans,06/05/1981,189,130,NONJIFF,PRO,Toulouse
Cyril BAILLE,Pilier,22 ans,15/09/1993,182,113,ESPOIR,ESPOIR,Toulouse
Dorian ALDEGHERI,Pilier,22 ans,04/08/1993,180,110,ESPOIR,ESPOIR,Toulouse
Gert MULLER,Pilier,29 ans,05/02/1986,186,110,NONJIFF,PRO,Toulouse
Gurthrö STEENKAMP,Pilier,34 ans,12/06/1981,189,120,NONJIFF,PRO,Toulouse
Neemia TIALATA,Pilier,33 ans,15/07/1982,187,129,NONJIFF,PRO,Toulouse
Rodrigue NETI,Pilier,20 ans,26/04/1995,185,108,ESPOIR,ESPOIR,Toulouse
Vasil KAKOVIN,Pilier,25 ans,01/12/1989,183,110,JIFF,PRO,Toulouse
Christopher TOLOFUA,Talonneur,21 ans,31/12/1993,182,117,JIFF,PRO,Toulouse
Corey FLYNN,Talonneur,34 ans,05/01/1981,184,108,NONJIFF,PRO,Toulouse
Julien MARCHAND,Talonneur,20 ans,10/05/1995,181,95,ESPOIR,ESPOIR,Toulouse
Grégory LAMBOLEY,2ème ligne,33 ans,12/01/1982,195,104,JIFF,PRO,Toulouse
Iosefa TEKORI,2ème ligne,31 ans,17/12/1983,198,127,NONJIFF,PRO,Toulouse
Patricio ALBACETE,2ème ligne,34 ans,09/02/1981,200,117,NONJIFF,PRO,Toulouse
Romain MILLO-CHLUSKI,2ème ligne,32 ans,20/04/1983,196,119,JIFF,PRO,Toulouse
Yoann MAESTRI,2ème ligne,27 ans,14/01/1988,201,119,JIFF,PRO,Toulouse
Edgar TUINUKUAFE,3ème ligne,22 ans,07/10/1993,188,114,ESPOIR,ESPOIR,Toulouse
Edwin MAKA,3ème ligne,22 ans,25/01/1993,202,142,ESPOIR,ESPOIR,Toulouse
François CROS,3ème ligne,21 ans,25/03/1994,190,95,ESPOIR,ESPOIR,Toulouse
Gillian GALAN,3ème ligne,24 ans,07/08/1991,193,120,JIFF,PRO,Toulouse
Imanol HARINORDOQUY,3ème ligne,35 ans,20/02/1980,192,108,JIFF,PRO,Toulouse
Louis PICAMOLES,3ème ligne,29 ans,05/02/1986,192,118,JIFF,PRO,Toulouse
Talalelei GRAY,3ème ligne,25 ans,28/02/1990,194,110,NONJIFF,PRO,Toulouse
Thierry DUSAUTOIR,3ème ligne,34 ans,18/11/1981,188,95,JIFF,PRO,Toulouse
Yacouba CAMARA,3ème ligne,21 ans,02/06/1994,195,100,ESPOIR,ESPOIR,Toulouse
David MÉLÉ,Mêlée,30 ans,22/10/1985,171,78,JIFF,PRO,Toulouse
Jean-Marc DOUSSAIN,Mêlée,24 ans,12/02/1991,174,90,JIFF,PRO,Toulouse
Sébastien BEZY,Mêlée,24 ans,22/11/1991,174,74,JIFF,PRO,Toulouse
Toby FLOOD,Ouverture,30 ans,08/08/1985,188,95,NONJIFF,PRO,Toulouse
Florian FRITZ,Centre,31 ans,17/01/1984,184,94,JIFF,PRO,Toulouse
Gaël FICKOU,Centre,21 ans,26/03/1994,189,90,JIFF,PRO,Toulouse
Joseva RAUGA,Centre,19 ans,09/04/1996,188,89,ESPOIR,ESPOIR,Toulouse
Luke MCALISTER,Centre,32 ans,28/08/1983,178,94,NONJIFF,PRO,Toulouse
Paul PEREZ,Centre,29 ans,26/07/1986,189,104,JOKER,PRO,Toulouse
Semi KUNATANI,Centre,25 ans,27/10/1990,192,98,NONJIFF,PRO,Toulouse
Yann DAVID,Centre,27 ans,15/04/1988,185,102,JIFF,PRO,Toulouse
Arthur BONNEVAL,Ailier,20 ans,31/05/1995,181,82,ESPOIR,ESPOIR,Toulouse
Timoci MATANAVOU,Ailier,31 ans,08/07/1984,185,86,NONJIFF,PRO,Toulouse
Vincent CLERC,Ailier,34 ans,07/05/1981,178,85,JIFF,PRO,Toulouse
Yoann HUGET,Ailier,28 ans,02/06/1987,190,97,JIFF,PRO,Toulouse
Alexis PALISSON,Arrière,28 ans,09/09/1987,177,85,JIFF,PRO,Toulouse
Clément POITRENAUD,Arrière,33 ans,20/05/1982,188,90,JIFF,PRO,Toulouse
Maxime MEDARD,Arrière,29 ans,16/11/1986,180,85,JIFF,PRO,Toulouse
Thomas RAMOS,Arrière,20 ans,23/07/1995,178,78,ESPOIR,ESPOIR,Toulouse